<site>
 <posts />
 <pages customHeadHtml="">
  <page author="" caption="Researchers" customHeadHtml="" dateModified="11/26/2013 16:08:33" description="" keywords="" metaTags="" name="researchers" path="/researchers" showInHmenu="True" showInVmenu="True" showTitle="False" title="Home" titleInBrowser="Home">
   <pageHead></pageHead>
   <content>&lt;div class="art-content-layout" style="background: ; "&gt;
    &lt;div class="art-content-layout-row"&gt;
    &lt;div class="art-layout-cell" style="padding: 10px; width:75%" &gt;
        &lt;h3&gt;BREADCRUMBS&lt;/h3&gt;
    &lt;/div&gt;&lt;div class="art-layout-cell" style="padding: 10px; width:25%" &gt;
        &lt;p&gt;&lt;/p&gt;&lt;form class="art-search" name="search" action="#" id="search"&gt;&lt;input type="text"&gt;&lt;/form&gt;&lt;p&gt;&lt;/p&gt;
    &lt;/div&gt;
    &lt;/div&gt;
&lt;/div&gt;
&lt;div class="art-content-layout-wrapper" style="margin-top: 20px;margin-bottom: 0px;"&gt;
&lt;div class="art-content-layout"&gt;
    &lt;div class="art-content-layout-row"&gt;
    &lt;div class="art-layout-cell" style="color: #262626; background:  url('images/fd80f.png') no-repeat scroll; padding: 0px; width:100%" &gt;
        &lt;br style="line-height: 300px"&gt;
    &lt;/div&gt;
    &lt;/div&gt;
&lt;/div&gt;
&lt;/div&gt;
&lt;div class="art-content-layout"&gt;
    &lt;div class="art-content-layout-row"&gt;
    &lt;div class="art-layout-cell" style="padding: 10px; width:50%" &gt;
        &lt;h1&gt;Our Services&lt;/h1&gt;
        &lt;ul&gt;
        &lt;li&gt;Lorem ipsum dolor sit amet&lt;/li&gt;
        &lt;li&gt;Consectetur adipiscing elit&lt;/li&gt;
        &lt;li&gt;Etiam pharetra tellus sit&lt;/li&gt;
        &lt;li&gt;Amet congue vulputate&lt;/li&gt;
        &lt;li&gt;Nisi erat iaculis cras elit nisl&lt;/li&gt;
        &lt;li&gt;Rhoncus nec iaculis ultricies&lt;/li&gt;
        &lt;li&gt;Pellentesque ac felis tellus&lt;/li&gt;
        &lt;li&gt;Aenean sollicitudin imperdiet&lt;/li&gt;
        &lt;li&gt;Arcu duis placerat justo eu nunc&lt;/li&gt;
        &lt;li&gt;Interdum ultrices phasellus&lt;/li&gt;
        &lt;li&gt;Elit dolor porttitor id consectetur&lt;/li&gt;
        &lt;li&gt;Sit amet, posuere id magna&lt;/li&gt;
        &lt;li&gt;Duis placerat justo eu nunc&lt;/li&gt;
        &lt;li&gt;Interdum ultrices phasellus&lt;/li&gt;
        &lt;/ul&gt;
    &lt;/div&gt;&lt;div class="art-layout-cell" style="color: #D1D1D1; background: #000000; padding: 10px; width:25%" &gt;
        &lt;h1&gt;Our Expertise&lt;/h1&gt;
        &lt;p&gt;&lt;img width="250" height="236" alt="" src="shutterstock_28649449.jpg" class=""&gt;&lt;/p&gt;
        &lt;p&gt;Lorem ipsum dolor sit amet, consectetur adipiscing elit. Etiam pharetra, tellus sit amet congue vulputate, nisi erat iaculis nibh. Cras elit nisl, rhoncus nec iaculis ultricies. Pellentesque ac felis tellus. Aenean sollicitudin imperdiet arcu. Duis placerat justo eu nunc interdum ultrices. Etiam pharetra, tellus sit.&lt;/p&gt;
        &lt;p&gt;&lt;a href="#" class="art-button"&gt;more&lt;/a&gt;&lt;/p&gt;
    &lt;/div&gt;&lt;div class="art-layout-cell" style="padding: 10px; width:25%" &gt;
        &lt;h1&gt;Our Quality&lt;/h1&gt;
        &lt;p&gt;&lt;img width="264" height="236" alt="" src="shutterstock_17235442.jpg" class=""&gt;&lt;/p&gt;
        &lt;p&gt;Pellentesque ac felis tellus. Aenean sollicitudin imperdiet arcu. Duis placerat justo eu nunc interdum ultrices. Phasellus elit dolor, porttitor id consectetur sit amet, posuere id magna.Lorem ipsum dolor sit amet, consectetur adipiscing elit. Etiam pharetra, tellus sit amet congue vulputate, nisi erat iaculis nibh.&lt;/p&gt;
        &lt;p&gt;&lt;a href="#" class="art-button"&gt;more&lt;/a&gt;&lt;/p&gt;
    &lt;/div&gt;
    &lt;/div&gt;
&lt;/div&gt;
</content>
   <layout>
    <struct>&lt;div class="art-content-layout" style="background: ; "&gt;
    &lt;div class="art-content-layout-row"&gt;
    &lt;div class="art-layout-cell" style="padding: 10px; width:75%" &gt;
        {content}
    &lt;/div&gt;&lt;div class="art-layout-cell" style="padding: 10px; width:25%" &gt;
        {content}
    &lt;/div&gt;
    &lt;/div&gt;
&lt;/div&gt;
&lt;div class="art-content-layout-wrapper" style="margin-top: 20px;margin-bottom: 0px;"&gt;
&lt;div class="art-content-layout"&gt;
    &lt;div class="art-content-layout-row"&gt;
    &lt;div class="art-layout-cell" style="color: #262626; background:  url('images/fd80f.png') no-repeat scroll; padding: 0px; width:100%" &gt;
        {content}
    &lt;/div&gt;
    &lt;/div&gt;
&lt;/div&gt;
&lt;/div&gt;
&lt;div class="art-content-layout"&gt;
    &lt;div class="art-content-layout-row"&gt;
    &lt;div class="art-layout-cell" style="padding: 10px; width:50%" &gt;
        {content}
    &lt;/div&gt;&lt;div class="art-layout-cell" style="color: #D1D1D1; background: #000000; padding: 10px; width:25%" &gt;
        {content}
    &lt;/div&gt;&lt;div class="art-layout-cell" style="padding: 10px; width:25%" &gt;
        {content}
    &lt;/div&gt;
    &lt;/div&gt;
&lt;/div&gt;
</struct>
    <contents>
     <content>&lt;h3&gt;BREADCRUMBS&lt;/h3&gt;</content>
     <content>&lt;p&gt;&lt;/p&gt;&lt;form class="art-search" name="search" action="#" id="search"&gt;&lt;input type="text"&gt;&lt;/form&gt;&lt;p&gt;&lt;/p&gt;</content>
     <content>&lt;br style="line-height: 300px"&gt;</content>
     <content>&lt;h1&gt;Our Services&lt;/h1&gt;
&lt;ul&gt;
&lt;li&gt;Lorem ipsum dolor sit amet&lt;/li&gt;
&lt;li&gt;Consectetur adipiscing elit&lt;/li&gt;
&lt;li&gt;Etiam pharetra tellus sit&lt;/li&gt;
&lt;li&gt;Amet congue vulputate&lt;/li&gt;
&lt;li&gt;Nisi erat iaculis cras elit nisl&lt;/li&gt;
&lt;li&gt;Rhoncus nec iaculis ultricies&lt;/li&gt;
&lt;li&gt;Pellentesque ac felis tellus&lt;/li&gt;
&lt;li&gt;Aenean sollicitudin imperdiet&lt;/li&gt;
&lt;li&gt;Arcu duis placerat justo eu nunc&lt;/li&gt;
&lt;li&gt;Interdum ultrices phasellus&lt;/li&gt;
&lt;li&gt;Elit dolor porttitor id consectetur&lt;/li&gt;
&lt;li&gt;Sit amet, posuere id magna&lt;/li&gt;
&lt;li&gt;Duis placerat justo eu nunc&lt;/li&gt;
&lt;li&gt;Interdum ultrices phasellus&lt;/li&gt;
&lt;/ul&gt;</content>
     <content>&lt;h1&gt;Our Expertise&lt;/h1&gt;
&lt;p&gt;&lt;img width="250" height="236" alt="" src="shutterstock_28649449.jpg" class=""&gt;&lt;/p&gt;
&lt;p&gt;Lorem ipsum dolor sit amet, consectetur adipiscing elit. Etiam pharetra, tellus sit amet congue vulputate, nisi erat iaculis nibh. Cras elit nisl, rhoncus nec iaculis ultricies. Pellentesque ac felis tellus. Aenean sollicitudin imperdiet arcu. Duis placerat justo eu nunc interdum ultrices. Etiam pharetra, tellus sit.&lt;/p&gt;
&lt;p&gt;&lt;a href="#" class="art-button"&gt;more&lt;/a&gt;&lt;/p&gt;</content>
     <content>&lt;h1&gt;Our Quality&lt;/h1&gt;
&lt;p&gt;&lt;img width="264" height="236" alt="" src="shutterstock_17235442.jpg" class=""&gt;&lt;/p&gt;
&lt;p&gt;Pellentesque ac felis tellus. Aenean sollicitudin imperdiet arcu. Duis placerat justo eu nunc interdum ultrices. Phasellus elit dolor, porttitor id consectetur sit amet, posuere id magna.Lorem ipsum dolor sit amet, consectetur adipiscing elit. Etiam pharetra, tellus sit amet congue vulputate, nisi erat iaculis nibh.&lt;/p&gt;
&lt;p&gt;&lt;a href="#" class="art-button"&gt;more&lt;/a&gt;&lt;/p&gt;</content>
    </contents>
   </layout>
  </page>
  <page author="" caption="Businesses" customHeadHtml="" dateModified="09/25/2012 03:04:24" description="" keywords="" metaTags="" name="businesses" path="/businesses" showInHmenu="True" showInVmenu="True" showTitle="True" title="Contacts  &#xA;" titleInBrowser="Contacts">
   <pageHead></pageHead>
   <content>&lt;p&gt;Lorem ipsum dolor sit amet, consectetur adipiscing elit. Etiam pharetra, tellus sit amet congue vulputate, nisi erat iaculis nibh, vitae feugiat sapien ante eget mauris.&lt;/p&gt;

&lt;p&gt;Cras elit nisl, rhoncus nec iaculis ultricies, feugiat eget sapien. Pellentesque ac felis tellus. Aenean sollicitudin imperdiet arcu, vitae dignissim est posuere id. Duis placerat justo eu nunc interdum ultrices.&lt;/p&gt;

&lt;h2&gt;Our Address&lt;/h2&gt;

&lt;p&gt;586 Main Ave, Building 42&lt;br /&gt;
Main City, Country 12345-6789&lt;/p&gt;

&lt;p&gt;T: (555) 123 - 4567&lt;br /&gt;
F: (555) 523 - 4567&lt;/p&gt;

&lt;p&gt;W: &lt;a href="http://www.domain.com"&gt;http://www.domain.com&lt;/a&gt;&lt;br /&gt;
E: &lt;a href="mailto:email@domain.com"&gt;email@domain.com&lt;/a&gt;&lt;/p&gt;</content>
   <layout>
    <struct>{content}</struct>
    <contents>
     <content>&lt;p&gt;Lorem ipsum dolor sit amet, consectetur adipiscing elit. Etiam pharetra, tellus sit amet congue vulputate, nisi erat iaculis nibh, vitae feugiat sapien ante eget mauris.&lt;/p&gt;

&lt;p&gt;Cras elit nisl, rhoncus nec iaculis ultricies, feugiat eget sapien. Pellentesque ac felis tellus. Aenean sollicitudin imperdiet arcu, vitae dignissim est posuere id. Duis placerat justo eu nunc interdum ultrices.&lt;/p&gt;

&lt;h2&gt;Our Address&lt;/h2&gt;

&lt;p&gt;586 Main Ave, Building 42&lt;br /&gt;
Main City, Country 12345-6789&lt;/p&gt;

&lt;p&gt;T: (555) 123 - 4567&lt;br /&gt;
F: (555) 523 - 4567&lt;/p&gt;

&lt;p&gt;W: &lt;a href="http://www.domain.com"&gt;http://www.domain.com&lt;/a&gt;&lt;br /&gt;
E: &lt;a href="mailto:email@domain.com"&gt;email@domain.com&lt;/a&gt;&lt;/p&gt;</content>
    </contents>
   </layout>
  </page>
  <page author="" caption="Students" customHeadHtml="" dateModified="01/01/0001 00:00:00" description="" keywords="" metaTags="" name="students" path="/students" showInHmenu="True" showInVmenu="True" showTitle="True" title="New Page" titleInBrowser="New Page">
   <pageHead></pageHead>
   <content>&lt;p&gt;&lt;br/&gt;&lt;/p&gt;</content>
   <layout>
    <struct>{content}</struct>
    <contents>
     <content>&lt;p&gt;&lt;br/&gt;&lt;/p&gt;</content>
    </contents>
   </layout>
  </page>
  <page author="" caption="Community" customHeadHtml="" dateModified="01/01/0001 00:00:00" description="" keywords="" metaTags="" name="community" path="/community" showInHmenu="True" showInVmenu="True" showTitle="True" title="New Page" titleInBrowser="New Page">
   <pageHead></pageHead>
   <content>&lt;p&gt;&lt;br/&gt;&lt;/p&gt;</content>
   <layout>
    <struct>{content}</struct>
    <contents>
     <content>&lt;p&gt;&lt;br/&gt;&lt;/p&gt;</content>
    </contents>
   </layout>
  </page>
 </pages>
 <sidebars>
  <sidebar caption="" name="content-before" />
  <sidebar caption="" name="content-after" />
 </sidebars>
</site>